d1_in,d2_in,d3_in,weight_lb,manufacturability_penalty_lb,objective_lb_equiv,gear_deflection_in,max_abs_deflection_in,required_d1_in,required_d2_in,required_d3_in,M_alt_s1_lb_in,M_alt_s2_lb_in,M_alt_s3_lb_in,M_mean_s1_lb_in,M_mean_s2_lb_in,M_mean_s3_lb_in,constraint_violation,nearest_std_d1_in,nearest_std_d2_in,nearest_std_d3_in,gear_deflection_in_final,max_abs_deflection_in_final
1.5328660294712988,1.8252230136224776,1.7463164677317875,17.34105555737141,0.13812247698725386,17.47917803435866,0.004999395901048169,0.01113395962782882,1.5328078231053681,1.651692543058197,1.4942084936164375,1145.0243595295162,1134.4711982500207,853.7410818072185,2005.229509816162,1986.9182221117853,1395.2812701471476,0.0,1.5,1.875,1.75,0.0049853238142247205,0.01116523572627382
